epoch,vae_loss,disc_loss,time_consumed
10,6970.6142578125,1.8378292322,2.33
11,6992.4394531250,0.1072506234,1.96
12,7023.9238281250,0.0016653282,1.98
13,7010.4931640625,0.0005059702,1.96
14,6994.6035156250,0.0002073081,1.96
15,6948.6777343750,1.1824649572,1.96
16,6896.9472656250,0.2642546892,1.96
17,6926.5620117188,0.0044160690,1.96
18,6889.9580078125,1.9417238235,1.96
19,6831.3969726562,1.3109097481,1.96
